"Source:","/Users/pakou/Documents/CS_Projects/EDA/miniRGBii/miniRGBii.kicad_sch"
"Date:","Wednesday, 03 August 2022 at 15:16:21"
"Tool:","Eeschema (6.0.0-0)"
"Generator:","/Applications/KiCad/KiCad.app/Contents/SharedSupport/plugins/bom_csv_grouped_by_value_with_fp.py"
"Component Count:","19"
"Ref","Qnty","Value","Cmp name","Footprint","Description","Vendor"
"C64, C69, C84, ","3","220μF","C_Polarized","Capacitor_Tantalum_SMD:CP_EIA-3528-12_Kemet-T_Pad1.50x2.35mm_HandSolder","Polarized capacitor",""
"C66, C74, C83, ","3","47pF","C","Capacitor_SMD:C_0603_1608Metric_Pad1.05x0.95mm_HandSolder","Unpolarized capacitor",""
"C72, C78, C85, ","3","100pF","C","Capacitor_SMD:C_0603_1608Metric_Pad1.05x0.95mm_HandSolder","Unpolarized capacitor",""
"D1, D2, D3, D4, ","4","PESD5V0U1BA","PESD5V0U1BA","Diode_SMD:D_SOD-323_HandSoldering","",""
"FIL15, FIL16, FIL17, ","3","390nH","L","Inductor_SMD:L_0603_1608Metric_Pad1.05x0.95mm_HandSolder","Inductor",""
"R37, R39, R40, ","3","75Ω","R","Resistor_SMD:R_0603_1608Metric_Pad0.98x0.95mm_HandSolder","Resistor",""
